<?xml version="1.0" encoding="utf-8" ?><dwsync><file name="global.js" server="132.247.146.9//var/www/sitio/htdocs/" local="3523884315" remote="12117631208" /><file name="LICENSE" server="132.247.146.9//var/www/sitio/htdocs/" local="3523884315" remote="12117631208" /><file name="make.js" server="132.247.146.9//var/www/sitio/htdocs/" local="3523884315" remote="12117631208" /><file name="package.json" server="132.247.146.9//var/www/sitio/htdocs/" local="3523884315" remote="12117631208" /><file name="README.md" server="132.247.146.9//var/www/sitio/htdocs/" local="3523884316" remote="12117631208" /><file name="shell.js" server="132.247.146.9//var/www/sitio/htdocs/" local="3523884316" remote="12117631208" /><file name="global.js" server="educatic.unam.mx//var/www/educatic/htdocs/" local="3523884315" remote="318763443916868082" /><file name="LICENSE" server="educatic.unam.mx//var/www/educatic/htdocs/" local="3523884315" remote="318763443916868082" /><file name="make.js" server="educatic.unam.mx//var/www/educatic/htdocs/" local="3523884315" remote="318763443916868082" /><file name="package.json" server="educatic.unam.mx//var/www/educatic/htdocs/" local="3523884315" remote="318763443916868082" /><file name="README.md" server="educatic.unam.mx//var/www/educatic/htdocs/" local="3523884316" remote="318763443916868082" /><file name="shell.js" server="educatic.unam.mx//var/www/educatic/htdocs/" local="3523884316" remote="318763443916868083" /><file name="global.js" server="www.educatic.unam.mx//var/www/educatic/htdocs/" local="3523884315" remote="12117645856" /><file name="LICENSE" server="www.educatic.unam.mx//var/www/educatic/htdocs/" local="3523884315" remote="12117645856" /><file name="make.js" server="www.educatic.unam.mx//var/www/educatic/htdocs/" local="3523884315" remote="12117645856" /><file name="package.json" server="www.educatic.unam.mx//var/www/educatic/htdocs/" local="3523884315" remote="12117645856" /><file name="README.md" server="www.educatic.unam.mx//var/www/educatic/htdocs/" local="3523884316" remote="12117645856" /><file name="shell.js" server="www.educatic.unam.mx//var/www/educatic/htdocs/" local="3523884316" remote="12117645856" /></dwsync>