<?xml version="1.0" encoding="utf-8" ?><dwsync><file name="jasmine-html.js" server="132.247.146.9//var/www/sitio/htdocs/" local="3523884315" remote="12117631208" /><file name="jasmine.css" server="132.247.146.9//var/www/sitio/htdocs/" local="3523884315" remote="12117631208" /><file name="jasmine.js" server="132.247.146.9//var/www/sitio/htdocs/" local="3523884315" remote="12117631208" /><file name="jasmine_favicon.png" server="132.247.146.9//var/www/sitio/htdocs/" local="3523884315" remote="12117631208" /><file name="MIT.LICENSE" server="132.247.146.9//var/www/sitio/htdocs/" local="3523884315" remote="12117631208" /><file name="jasmine-html.js" server="educatic.unam.mx//var/www/educatic/htdocs/" local="3523884315" remote="318763443916868082" /><file name="jasmine.css" server="educatic.unam.mx//var/www/educatic/htdocs/" local="3523884315" remote="318763443916868082" /><file name="jasmine.js" server="educatic.unam.mx//var/www/educatic/htdocs/" local="3523884315" remote="318763443916868082" /><file name="jasmine_favicon.png" server="educatic.unam.mx//var/www/educatic/htdocs/" local="3523884315" remote="318763443916868082" /><file name="MIT.LICENSE" server="educatic.unam.mx//var/www/educatic/htdocs/" local="3523884315" remote="318763443916868082" /><file name="jasmine-html.js" server="www.educatic.unam.mx//var/www/educatic/htdocs/" local="3523884315" remote="12117645856" /><file name="jasmine.css" server="www.educatic.unam.mx//var/www/educatic/htdocs/" local="3523884315" remote="12117645856" /><file name="jasmine.js" server="www.educatic.unam.mx//var/www/educatic/htdocs/" local="3523884315" remote="12117645856" /><file name="jasmine_favicon.png" server="www.educatic.unam.mx//var/www/educatic/htdocs/" local="3523884315" remote="12117645856" /><file name="MIT.LICENSE" server="www.educatic.unam.mx//var/www/educatic/htdocs/" local="3523884315" remote="12117645856" /></dwsync>