<?xml version="1.0" encoding="utf-8" ?><dwsync><file name="compress.js" server="132.247.146.9//var/www/sitio/htdocs/" local="3523884314" remote="12117631207" /><file name="optimize.js" server="132.247.146.9//var/www/sitio/htdocs/" local="3523884314" remote="12117631207" /><file name="parse.js" server="132.247.146.9//var/www/sitio/htdocs/" local="3523884314" remote="12117631207" /><file name="README.md" server="132.247.146.9//var/www/sitio/htdocs/" local="3523884314" remote="12117631208" /><file name="compress.js" server="educatic.unam.mx//var/www/educatic/htdocs/" local="3523884314" remote="318763443916868081" /><file name="optimize.js" server="educatic.unam.mx//var/www/educatic/htdocs/" local="3523884314" remote="318763443916868082" /><file name="parse.js" server="educatic.unam.mx//var/www/educatic/htdocs/" local="3523884314" remote="318763443916868082" /><file name="README.md" server="educatic.unam.mx//var/www/educatic/htdocs/" local="3523884314" remote="318763443916868082" /><file name="compress.js" server="www.educatic.unam.mx//var/www/educatic/htdocs/" local="3523884314" remote="12117645855" /><file name="optimize.js" server="www.educatic.unam.mx//var/www/educatic/htdocs/" local="3523884314" remote="12117645855" /><file name="parse.js" server="www.educatic.unam.mx//var/www/educatic/htdocs/" local="3523884314" remote="12117645855" /><file name="README.md" server="www.educatic.unam.mx//var/www/educatic/htdocs/" local="3523884314" remote="12117645855" /></dwsync>